{"from":"2021-03-13T00:00:00+00:00","to":"2021-03-15T17:33:33+00:00","recipients":[{"to":"tattooxapp@gmail.com","fromemail":"tattooxapp@gmail.com","status":"ReadyToSend","channel":"SMTP API","date":"2021-03-15T17:33:19","datesent":null,"dateopened":null,"dateclicked":null,"showcategory":false,"message":"","ipaddress":"Purchase a Private IP to view details about IP addresses.","msgid":"GkDj5h6FhVHSiC7sgwptiQ2","jobid":"08132f7c-8099-c03c-a07c-4c537565ca3a","statuschangedate":"2021-03-15T17:33:19","nexttryon":null,"textmessage":null,"messagesid":null,"subject":"New tattoox contact","issms":false,"smsupdaterequired":false,"messagecategory":"","messagecategoryid":null},{"to":"tattooxapp@gmail.com","fromemail":"tattooxapp@gmail.com","status":"ReadyToSend","channel":"SMTP API","date":"2021-03-15T17:32:38","datesent":null,"dateopened":null,"dateclicked":null,"showcategory":false,"message":"","ipaddress":"Purchase a Private IP to view details about IP addresses.","msgid":"4HUyDmtFf4orfoL_Er0k2g2","jobid":"08132f41-5899-8038-a041-a56e4858f7bf","statuschangedate":"2021-03-15T17:32:38","nexttryon":null,"textmessage":null,"messagesid":null,"subject":"New tattoox contact","issms":false,"smsupdaterequired":false,"messagecategory":"","messagecategoryid":null},{"to":"tattooxapp@gmail.com","fromemail":"tattooxapp@gmail.com","status":"ReadyToSend","channel":"SMTP API","date":"2021-03-15T16:55:33","datesent":null,"dateopened":null,"dateclicked":null,"showcategory":false,"message":"","ipaddress":"Purchase a Private IP to view details about IP addresses.","msgid":"xeFSBC5w09gEj0Igbkspgw2","jobid":"08132f0d-db90-00f9-e00d-6c220414b200","statuschangedate":"2021-03-15T16:55:33","nexttryon":null,"textmessage":null,"messagesid":null,"subject":"New tattoox contact","issms":false,"smsupdaterequired":false,"messagecategory":"","messagecategoryid":null},{"to":"tattooxapp@gmail.com","fromemail":"tattooxapp@gmail.com","status":"ReadyToSend","channel":"SMTP API","date":"2021-03-15T16:49:14","datesent":null,"dateopened":null,"dateclicked":null,"showcategory":false,"message":"","ipaddress":"Purchase a Private IP to view details about IP addresses.","msgid":"1o86RYHOi2D1lnvxCDiWnA2","jobid":"08132f7c-698f-0020-e07c-8f537565dcd2","statuschangedate":"2021-03-15T16:49:14","nexttryon":null,"textmessage":null,"messagesid":null,"subject":"New tattoox contact","issms":false,"smsupdaterequired":false,"messagecategory":"","messagecategoryid":null},{"to":"tattooxapp@gmail.com","fromemail":"tattooxapp@gmail.com","status":"ReadyToSend","channel":"SMTP API","date":"2021-03-15T16:48:24","datesent":null,"dateopened":null,"dateclicked":null,"showcategory":false,"message":"","ipaddress":"Purchase a Private IP to view details about IP addresses.","msgid":"uaQR0j_BjXnmuh9UDY66rQ2","jobid":"08132f0c-388f-80d9-e00c-27230515ac72","statuschangedate":"2021-03-15T16:48:24","nexttryon":null,"textmessage":null,"messagesid":null,"subject":"New tattoox contact","issms":false,"smsupdaterequired":false,"messagecategory":"","messagecategoryid":null},{"to":"tattooxapp@gmail.com","fromemail":"tattooxapp@gmail.com","status":"ReadyToSend","channel":"SMTP API","date":"2021-03-15T16:47:31","datesent":null,"dateopened":null,"dateclicked":null,"showcategory":false,"message":"","ipaddress":"Purchase a Private IP to view details about IP addresses.","msgid":"ZE0sPVxMwojowE4g-u9Ysw2","jobid":"08132f41-048f-80d2-e041-216e4858e1a1","statuschangedate":"2021-03-15T16:47:31","nexttryon":null,"textmessage":null,"messagesid":null,"subject":"New tattoox contact","issms":false,"smsupdaterequired":false,"messagecategory":"","messagecategoryid":null},{"to":"tattooxapp@gmail.com","fromemail":"tattooxapp@gmail.com","status":"ReadyToSend","channel":"SMTP API","date":"2021-03-15T16:44:55","datesent":null,"dateopened":null,"dateclicked":null,"showcategory":false,"message":"","ipaddress":"Purchase a Private IP to view details about IP addresses.","msgid":"1y4HjSJWUQ7wGl-UZZVD0A2","jobid":"08132f22-6c8e-406b-6022-420d2b3b83cb","statuschangedate":"2021-03-15T16:44:55","nexttryon":null,"textmessage":null,"messagesid":null,"subject":"New tattoox contact","issms":false,"smsupdaterequired":false,"messagecategory":"","messagecategoryid":null}]}